word,difficulty,category
perspicacious,Advanced,Character
obfuscate,Advanced,Communication
ubiquitous,Advanced,General
ephemeral,Intermediate,General
truculent,Advanced,Character
pulchritude,Advanced,Description
sycophant,Intermediate,Character
recalcitrant,Advanced,Character
panacea,Intermediate,General
fastidious,Intermediate,Character
laconic,Intermediate,Communication
equivocate,Advanced,Communication
magnanimous,Intermediate,Character
ostentatious,Intermediate,Description
perfunctory,Advanced,General
quixotic,Advanced,Character
sanguine,Advanced,Character
taciturn,Intermediate,Character
umbrage,Advanced,Emotion
vicissitude,Advanced,General
zealous,Beginner,Character
acrimony,Advanced,Emotion
capricious,Intermediate,Character
deleterious,Advanced,General
enervate,Advanced,General
garrulous,Intermediate,Communication
inchoate,Advanced,General
juxtapose,Intermediate,General
loquacious,Intermediate,Communication
mellifluous,Advanced,Description
